City_ID,City,Lat,Lng,Max Temp,Humidity,Cloudiness,Wind Speed,Country,Date
0,adamstown,-25.066,-130.1015,20.98,81,100,5.96,PN,1731463570
1,jinghong,21.991,100.7341,23.25,74,0,0.67,CN,1731463572
2,taulaga,-11.0553,-171.0883,28.77,71,1,7.25,AS,1731463573
3,bethel,41.3712,-73.414,5.12,53,0,5.66,US,1731463574
4,gaspe,48.8334,-64.4819,0.12,64,75,8.23,CA,1731463493
5,constantia,44.1833,28.65,4.38,92,100,4.95,RO,1731463576
6,tsiombe,-25.3,45.4833,20.95,97,100,1.31,MG,1731463577
7,berezovyy,51.6667,135.7,-4.14,39,0,2.44,RU,1731463578
8,iskateley,67.6803,53.1512,-6.82,95,100,4.53,RU,1731463579
9,port mathurin,-19.6833,63.4167,24.34,81,66,7.8,MU,1731463581
10,abepura,-2.6333,140.5833,32.45,58,20,2.57,ID,1731463582
11,nagqu,31.5,92.0,-3.91,26,0,1.71,CN,1731463583
12,shelbyville,35.4834,-86.4603,12.06,36,0,2.57,US,1731463451
13,jamestown,42.097,-79.2353,-0.55,88,0,2.57,US,1731463448
14,garissa,-0.4536,39.6401,25.43,81,11,4.5,KE,1731463588
15,port-aux-francais,-49.35,70.2167,3.51,71,15,8.23,TF,1731463589
16,kodiak,57.79,-152.4072,2.73,44,0,3.6,US,1731463591
17,isafjordur,66.0755,-23.124,2.4,76,15,24.33,IS,1731463592
18,walvis bay,-22.9575,14.5053,13.53,94,28,2.06,NA,1731463593
19,zhanjiang,21.2815,110.3427,26.42,68,90,0.47,CN,1731463594
20,waitangi,-43.9535,-176.5597,13.79,70,4,4.02,NZ,1731463595
21,hammerfest,70.6634,23.6821,10.25,76,100,4.12,NO,1731463596
22,idri,27.5,13.2667,17.51,27,66,3.32,LY,1731463598
23,ripky,51.801,31.0838,-1.91,93,27,2.41,UA,1731463599
24,margaret river,-33.95,115.0667,20.95,48,70,1.31,AU,1731463600
25,mejit,10.2753,170.8646,28.29,72,5,6.7,MH,1731463601
26,ta`u,-14.2336,-169.5144,27.67,80,14,8.42,AS,1731463602
27,schonkirchen,54.3333,10.2333,7.29,100,75,2.57,DE,1731463603
28,port alfred,-33.5906,26.891,15.66,89,70,2.68,ZA,1731463604
29,la'ie,21.6477,-157.9253,26.7,75,25,3.58,US,1731463605
30,gilgit,35.9221,74.3087,7.77,59,95,0.63,PK,1731463607
31,yellowknife,62.456,-114.3525,-9.21,99,100,4.47,CA,1731463608
32,west island,-12.1568,96.8225,27.99,74,100,4.63,CC,1731463609
33,olonkinbyen,70.9221,-8.7187,-3.53,79,100,14.88,SJ,1731463610
34,ushuaia,-54.8,-68.3,7.81,93,75,3.09,AR,1731463523
35,grytviken,-54.2811,-36.5092,-1.48,84,99,1.76,GS,1731463612
36,san felipe,10.3399,-68.7425,21.63,98,95,0.34,VE,1731463613
37,guerrero negro,27.9769,-114.0611,16.59,79,0,7.2,MX,1731463614
38,akropong,5.9746,-0.0854,21.03,96,31,1.32,GH,1731463616
39,crane,31.3974,-102.3501,21.55,71,97,7.61,US,1731463617
40,san jose de feliciano,-30.3845,-58.7517,14.36,41,0,2.78,AR,1731463618
41,san antonio de pale,-1.4014,5.6325,25.91,86,90,6.52,GQ,1731463619
42,edinburgh of the seven seas,-37.0676,-12.3116,16.26,92,100,6.5,SH,1731463620
43,saint-francois,46.4154,3.9054,1.49,100,100,1.03,FR,1731463621
44,coahuayana de hidalgo,18.7,-103.6583,25.07,89,100,0.31,MX,1731463622
45,puerto natales,-51.7236,-72.4875,6.66,93,34,1.06,CL,1731463623
46,al jawf,29.5,38.75,16.38,54,54,2.54,SA,1731463625
47,saudarkrokur,65.7461,-19.6394,4.08,70,46,18.21,IS,1731463626
48,shimanovsk,52.0,127.7,-4.9,65,100,3.57,RU,1731463627
49,ust-nera,64.5667,143.2,-27.92,97,64,0.67,RU,1731463628
50,tiksi,71.6872,128.8694,-21.51,100,98,1.49,RU,1731463332
51,klyuchi,52.2667,79.1667,-9.43,81,100,5.07,RU,1731463630
52,pandaria,22.2333,81.4167,20.16,59,1,1.57,IN,1731463631
53,kindu,-2.95,25.95,20.33,92,56,0.73,CD,1731463354
54,port elizabeth,-33.918,25.5701,16.29,86,0,3.13,ZA,1731463634
55,uturoa,-16.7333,-151.4333,26.44,74,100,6.77,PF,1731463635
56,albany,42.6001,-73.9662,2.45,58,5,1.34,US,1731463636
57,yuzhno-kurilsk,44.0306,145.8556,4.4,54,98,10.74,RU,1731463637
58,markapur,15.7333,79.2833,24.09,89,100,2.27,IN,1731463638
59,east london,-33.0153,27.9116,18.35,70,12,7.06,ZA,1731463639
60,ilulissat,69.2167,-51.1,-2.99,54,75,9.26,GL,1731463640
61,flying fish cove,-10.4217,105.6791,26.82,94,100,4.63,CX,1731463584
62,mata-utu,-13.2816,-176.1745,28.31,71,97,7.09,WF,1731463643
63,saipan,15.1355,145.701,31.39,78,75,7.72,MP,1731463644
64,haiku-pauwela,20.9219,-156.3051,26.2,71,24,12.96,US,1731463645
65,yamada,39.4667,141.95,10.5,47,0,1.73,JP,1731463646
66,nayoro,44.3506,142.4578,2.45,73,100,1.8,JP,1731463648
67,la ronge,55.1001,-105.2842,1.22,82,10,2.63,CA,1731463649
68,stanley,54.868,-1.6985,2.38,76,54,1.95,GB,1731463454
69,tangalle,6.024,80.7911,25.77,86,16,2.08,LK,1731463653
70,alvaraes,-3.2208,-64.8042,27.83,59,59,0.6,BR,1731463654
71,betio village,1.358,172.9211,31.02,70,1,6.74,KI,1731463656
72,gbarnga,6.9956,-9.4722,21.73,98,100,0.88,LR,1731463517
73,daugavgriva,57.0432,24.0361,3.01,98,100,2.57,LV,1731463658
74,hilo,19.7297,-155.09,26.72,88,13,0.45,US,1731463483
75,turpan,42.9333,89.1667,9.8,50,93,0.69,CN,1731463660
76,kaltan,53.5347,87.2457,-9.08,90,100,3.97,RU,1731463661
77,guatire,10.4762,-66.5427,22.44,98,96,0.22,VE,1731463662
78,hermanus,-34.4187,19.2345,14.89,83,100,5.12,ZA,1731463663
79,cabo san lucas,22.8909,-109.9124,21.46,64,72,1.57,MX,1731463447
80,punta arenas,-53.15,-70.9167,10.06,81,75,5.66,CL,1731463666
81,vadso,70.0744,29.7487,4.26,78,100,10.31,NO,1731463667
82,port macquarie,-31.4333,152.9167,23.37,78,96,1.79,AU,1731463668
83,wongsorejo,-7.9908,114.4009,30.48,62,31,2.77,ID,1731463669
84,villa gesell,-37.2639,-56.973,13.97,63,6,3.94,AR,1731463499
85,avarua,-21.2078,-159.775,24.03,64,40,5.14,CK,1731463671
86,kristiansund,63.1115,7.732,13.4,76,100,8.75,NO,1731463672
87,pahrump,36.2083,-115.9839,12.92,21,12,3.59,US,1731463673
88,alghero,40.5589,8.3181,15.05,72,0,3.09,IT,1731463675
89,zaozersk,69.4005,32.4476,1.09,93,100,7.96,RU,1731463676
90,tralee,52.2704,-9.7026,5.88,82,2,1.44,IE,1731463497
91,greymouth,-42.4667,171.2,16.26,45,0,2.77,NZ,1731463678
92,darab,28.7519,54.5444,16.69,41,38,0.83,IR,1731463679
93,valparaiso,-33.0393,-71.6273,16.8,63,0,4.63,CL,1731463680
94,tam ky,15.5667,108.4833,26.47,85,84,1.59,VN,1731463681
95,lebu,-37.6167,-73.65,12.13,84,0,8.88,CL,1731463683
96,invercargill,-46.4,168.35,16.68,66,1,4.02,NZ,1731463684
97,ponnani,10.767,75.9252,25.48,84,96,2.24,IN,1731463685
98,sidney,-33.8679,151.2073,24.64,70,75,3.09,AU,1731463453
99,laascaanood,8.4774,47.3597,22.35,62,1,3.06,SO,1731463687
100,udachny,66.4167,112.4,-20.37,100,100,1.36,RU,1731463688
101,lompoc,34.6391,-120.4579,15.63,65,0,5.66,US,1731463689
102,dzhangala,49.2167,50.3333,-2.8,79,42,3.24,KZ,1731463690
103,rozhyshche,50.9154,25.2691,1.94,80,100,1.8,UA,1731463692
104,nevel'sk,46.6733,141.8633,1.0,49,57,4.82,RU,1731463693
105,susuman,62.7833,148.1667,-22.31,96,100,1.14,RU,1731463694
106,hawaiian paradise park,19.5933,-154.9731,26.04,77,40,3.09,US,1731463695
107,siler city,35.7235,-79.4622,11.51,67,0,3.91,US,1731463696
108,badger,64.8,-147.5333,-18.13,82,40,1.54,US,1731463697
109,egilsstadir,65.2653,-14.3948,5.68,52,0,15.71,IS,1731463698
110,colonia,50.9333,6.95,7.36,79,100,1.54,DE,1731463699
111,funafuti,-8.5243,179.1942,32.0,74,40,3.09,TV,1731463549
112,nguigmi,14.2495,13.1092,24.5,24,0,5.47,NE,1731463702
113,toliara,-23.35,43.6667,22.34,73,49,4.04,MG,1731463703
114,hami,42.8,93.45,8.13,53,44,2.65,CN,1731463704
115,carnarvon,-24.8667,113.6333,26.56,52,55,4.71,AU,1731463705
116,ust'-uda,54.1742,103.0304,-8.87,66,31,1.44,RU,1731463706
117,petropavlovsk-kamchatsky,53.0452,158.6483,-1.67,43,0,4.0,RU,1731463707
118,ribeira grande,38.5167,-28.7,16.54,93,85,1.34,PT,1731463708
119,adam,22.3756,57.5233,21.38,56,44,1.45,OM,1731463709
120,port-gentil,-0.7193,8.7815,26.88,83,68,5.05,GA,1731463711
121,keflavik,64.0049,-22.5624,7.24,70,75,10.8,IS,1731463712
122,formosa do rio preto,-11.0483,-45.1931,20.9,98,99,0.76,BR,1731463713
123,blackmans bay,-43.0167,147.3167,16.07,89,100,0.45,AU,1731463714
124,karasu,41.071,30.7854,12.79,89,100,2.0,TR,1731463715
125,oranjemund,-28.55,16.4333,13.87,90,2,8.55,NA,1731463716
126,murzuq,25.9155,13.9184,17.02,25,97,3.75,LY,1731463717
127,vico del gargano,41.8983,15.9576,10.68,64,100,1.39,IT,1731463718
128,fada,7.25,4.0667,22.75,96,90,0.46,NG,1731463720
129,happy valley-goose bay,53.3168,-60.3315,-4.04,61,100,5.07,CA,1731463721
130,bilibino,68.0546,166.4372,-25.57,99,41,0.93,RU,1731463722
131,whitehorse,60.7161,-135.0538,-3.57,86,100,1.54,CA,1731463567
132,kyadabek,40.5656,45.8161,2.64,80,85,0.4,AZ,1731463724
133,seymour,38.9592,-85.8903,6.79,71,45,3.09,US,1731463725
134,luena,-11.7833,19.9167,15.7,98,94,0.74,AO,1731463613
135,saint-joseph,-21.3667,55.6167,22.21,78,16,2.86,RE,1731463727
136,st. john's,47.5649,-52.7093,13.64,99,100,6.17,CA,1731463492
137,atafu village,-8.5421,-172.5159,28.65,68,0,6.58,TK,1731463730
138,guelmim,28.987,-10.0574,14.19,41,81,2.57,MA,1731463731
139,hithadhoo,-0.6,73.0833,28.47,74,95,7.09,MV,1731463732
140,puerto ayora,-0.7393,-90.3518,21.97,87,32,2.24,EC,1731463733
141,usakos,-22.0,15.6,19.84,33,0,0.23,NA,1731463734
142,iqaluit,63.7506,-68.5145,-15.17,77,98,2.24,CA,1731463735
143,at taj,24.2049,23.2857,14.81,46,0,4.79,LY,1731463736
144,mandimba,-14.3548,35.6515,22.89,70,25,1.43,MZ,1731463737
145,kardla,58.9978,22.7492,6.61,79,100,2.19,EE,1731463740
146,usinsk,65.9939,57.5281,-12.85,87,100,4.24,RU,1731463741
147,namibe,-15.1961,12.1522,22.56,68,100,3.93,AO,1731463742
148,akureyri,65.6835,-18.0878,4.09,64,2,11.06,IS,1731463744
149,myeik,12.4333,98.6,26.9,75,100,1.42,MM,1731463578
150,weno,7.4515,151.8468,27.97,89,100,1.54,FM,1731463746
151,lazaro cardenas,17.9583,-102.2,26.25,79,99,1.79,MX,1731463748
152,baracoa,20.3467,-74.4958,25.9,90,88,2.26,CU,1731463749
153,kailua-kona,19.6406,-155.9956,28.64,76,4,0.45,US,1731463750
154,kill devil hills,36.0307,-75.676,15.55,60,100,7.72,US,1731463751
155,khoyniki,51.8911,29.9552,-1.97,94,13,2.12,BY,1731463752
156,urengoy,65.9667,78.3667,-24.59,100,82,3.29,RU,1731463753
157,asadabad,34.7824,48.1185,8.27,72,12,3.55,IR,1731463754
158,springfield,37.2153,-93.2982,13.14,70,0,4.12,US,1731463755
159,pisco,-13.7,-76.2167,19.03,82,0,2.57,PE,1731463757
160,kayes,14.0,-11.0,25.4,34,4,0.85,ML,1731463758
161,ostersund,63.1792,14.6357,5.9,90,100,3.6,SE,1731463759
162,azle,32.8951,-97.5459,19.05,63,40,3.6,US,1731463760
163,malumfashi,11.7853,7.6218,20.83,33,2,3.65,NG,1731463762
164,port blair,11.6667,92.75,26.02,94,40,1.03,IN,1731463763
165,pemangkat,1.1667,108.9667,28.1,78,98,1.16,ID,1731463765
166,kharp,66.8014,65.8081,-21.31,92,19,3.44,RU,1731463766
167,sevierville,35.8681,-83.5618,10.16,81,0,0.0,US,1731463723
168,wailua homesteads,22.0669,-159.378,25.63,77,40,7.72,US,1731463768
169,saint-philippe,-21.3585,55.7679,22.82,80,7,3.33,RE,1731463769
170,itoman,26.1247,127.6694,27.43,83,75,5.66,JP,1731463770
171,qaqortoq,60.7167,-46.0333,-0.65,90,100,7.95,GL,1731463771
172,yaguajay,22.3272,-79.2378,25.62,93,20,4.69,CU,1731463772
173,howard springs,-12.497,131.047,33.95,58,70,2.07,AU,1731463774
174,brisas de zicatela,15.8369,-97.0419,27.29,89,40,1.54,MX,1731463775
175,kapit,2.0167,112.9333,28.06,79,88,0.35,MY,1731463776
176,alofi,-19.0595,-169.9187,26.94,69,75,8.23,NU,1731463519
177,kapa'a,22.0752,-159.319,26.38,76,40,7.72,US,1731463778
178,ancud,-41.8697,-73.8203,10.27,94,65,2.96,CL,1731463779
179,sovetskaya gavan',48.9723,140.2878,-0.91,44,0,3.95,RU,1731463781
180,rongelap,11.1635,166.8941,28.45,73,12,7.54,MH,1731463783
181,vuktyl,63.8567,57.3094,-9.73,92,100,2.92,RU,1731463784
182,lihue,21.9789,-159.3672,25.97,73,40,7.72,US,1731463785
183,sandacho,34.8833,135.2333,19.1,53,0,5.51,JP,1731463786
184,kolonia,50.9333,6.95,7.36,79,100,1.54,DE,1731463599
185,vilyuchinsk,52.9306,158.4028,-0.85,64,54,5.83,RU,1731463579
186,papatowai,-46.5619,169.4708,16.12,59,4,4.2,NZ,1731463789
187,callao,-12.0667,-77.15,19.29,72,75,5.14,PE,1731463511
188,talcahuano,-36.7167,-73.1167,13.82,72,0,6.69,CL,1731463560
189,college,64.8569,-147.8028,-17.28,79,75,1.54,US,1731463793
190,utrik,11.2278,169.8474,28.52,68,1,6.72,MH,1731463794
191,bikenibeu village,1.3673,173.1241,30.98,66,20,4.12,KI,1731463795
192,sodankyla,67.4167,26.6,1.66,86,100,5.17,FI,1731463796
193,mount gambier,-37.8333,140.7667,18.47,47,24,5.53,AU,1731463797
194,khanjarah,40.5999,33.6153,6.31,78,100,0.29,TR,1731463798
195,oxapampa,-10.5775,-75.4017,14.34,98,98,1.12,PE,1731463799
196,gadzhiyevo,69.2551,33.3362,1.17,91,100,7.67,RU,1731463802
197,tazovsky,67.4667,78.7,-22.64,95,94,4.52,RU,1731463803
198,cockburn town,21.4612,-71.1419,28.3,80,98,5.03,TC,1731463804
199,georgetown,5.4112,100.3354,29.97,74,20,3.09,MY,1731463702
200,vilyuysk,63.7553,121.6247,-14.09,96,94,3.29,RU,1731463806
201,collie,-33.3667,116.15,24.07,37,0,2.61,AU,1731463807
202,yangambi,0.8102,24.4336,21.33,97,100,0.85,CD,1731463809
203,mansa,29.9833,75.3833,19.12,31,0,0.42,IN,1731463810
204,mokhsogollokh,61.4681,128.9203,-18.37,91,46,0.87,RU,1731463811
205,cole harbour,44.6724,-63.4751,4.4,82,100,6.71,CA,1731463782
206,greenland,43.0362,-70.8328,3.57,57,0,5.14,US,1731463813
207,kavieng,-2.5744,150.7967,29.75,67,25,2.33,PG,1731463814
208,cadale,2.7603,46.3222,26.62,80,100,3.37,SO,1731463815
209,ceeldheer,3.8488,47.1806,25.93,86,100,3.56,SO,1731463816
210,winters,38.5249,-121.9708,12.73,80,0,0.0,US,1731463618
211,nar'yan-mar,67.6713,53.087,-6.75,95,100,4.47,RU,1731463819
212,remire-montjoly,4.9167,-52.2667,25.02,94,0,0.0,GF,1731463820
213,kabalo,-6.05,26.9167,19.85,94,8,0.56,CD,1731463821
214,ambon,-3.6954,128.1814,32.08,100,40,2.57,ID,1731463822
215,wildwood,38.5828,-90.6629,9.61,74,100,0.89,US,1731463823
216,orosei,40.3798,9.6929,16.71,73,100,6.08,IT,1731463825
217,port lincoln,-34.7333,135.8667,19.17,60,5,6.98,AU,1731463826
218,hamilton,39.1834,-84.5333,7.27,80,6,0.45,US,1731463809
219,aykhal,66.0,111.5,-15.67,99,100,1.76,RU,1731463828
220,krems an der donau,48.4092,15.6142,2.21,89,30,0.59,AT,1731463829
221,florence,43.7667,11.25,10.59,67,0,2.57,IT,1731463830
222,talnakh,69.4865,88.3972,-23.47,99,99,1.43,RU,1731463831
223,archidona,37.0965,-4.3887,12.02,82,83,1.32,ES,1731463832
224,thompson,55.7435,-97.8558,3.44,81,100,4.08,CA,1731463834
225,codrington,-38.2667,141.9667,17.36,67,15,7.28,AU,1731463835
226,nemuro,43.3236,145.575,4.96,54,67,11.52,JP,1731463836
227,piton saint-leu,-21.2196,55.3151,21.06,60,40,3.09,RE,1731463837
228,sahab,31.8721,36.005,11.35,82,0,2.06,JO,1731463839
229,kuchera,26.9839,73.9719,21.16,33,0,1.99,IN,1731463840
230,ponta delgada,37.7333,-25.6667,19.4,82,20,6.17,PT,1731463841
231,caribou,46.8606,-68.012,-0.76,70,100,9.26,US,1731463843
232,mufumbwe,-13.6833,24.8,16.44,94,100,0.96,ZM,1731463844
233,la passe,45.5549,-0.8967,6.85,92,26,6.6,FR,1731463845
234,enewetak,11.3474,162.3373,28.65,77,57,6.69,MH,1731463846
235,hadibu,12.65,54.0333,24.96,75,13,4.27,YE,1731463847
236,tionk essil,12.7856,-16.5217,23.63,61,96,2.22,SN,1731463848
237,neryungri,56.6709,124.6491,-12.44,87,100,2.77,RU,1731463849
238,murghob,38.1702,73.9667,-7.67,72,27,2.18,TJ,1731463851
239,tongchuanshi,35.0806,109.0897,11.68,92,100,1.26,CN,1731463852
240,queenstown,-31.8976,26.8753,11.51,78,15,1.44,ZA,1731463853
241,wattegama,6.7989,81.4808,25.72,84,2,0.72,LK,1731463854
242,port augusta,-32.5,137.7667,21.07,47,9,8.04,AU,1731463855
243,san patricio,28.017,-97.5169,21.97,64,0,3.36,US,1731463857
244,khovd,48.0056,91.6419,-2.6,23,20,1.92,MN,1731463858
245,pangkalanbuun,-2.6833,111.6167,31.04,61,89,1.5,ID,1731463860
246,vernon,50.2581,-119.2691,3.73,81,42,1.56,CA,1731463861
247,lata,40.1629,-8.3327,8.83,66,47,3.64,PT,1731463862
248,khanabad,36.6825,69.1156,12.63,54,95,0.31,AF,1731463863
249,alpine,32.835,-116.7664,13.7,64,0,3.09,US,1731463864
250,sur,22.5667,59.5289,26.35,50,5,2.05,OM,1731463866
251,amga,60.8953,131.9608,-16.51,94,74,0.94,RU,1731463867
252,nishinoomote,30.7333,131.0,21.86,70,52,8.33,JP,1731463868
253,chemolgan,43.1897,76.5292,3.51,84,100,1.17,KZ,1731463869
254,belyy yar,53.6039,91.3903,-9.06,62,0,6.0,RU,1731463870
255,vorgashor,67.5833,63.95,-27.31,100,100,2.08,RU,1731463598
256,kataysk,56.289,62.5841,-7.26,95,84,3.62,RU,1731463872
257,santa cruz,-17.8,-63.1667,17.7,77,40,5.14,BO,1731463873
258,anadyr,64.75,177.4833,-1.72,79,40,11.0,RU,1731463875
259,longyearbyen,78.2186,15.6401,2.91,75,75,14.4,SJ,1731463754
260,afaahiti,-17.75,-149.2833,23.89,76,37,7.24,PF,1731463877
261,rosedale,39.3201,-76.5155,8.9,52,0,2.57,US,1731463878
262,island harbour,50.724,-1.2758,9.99,68,100,2.68,GB,1731463879
263,palmer,42.1584,-72.3287,3.75,47,0,4.63,US,1731463880
264,pinoso,38.4016,-1.042,7.85,82,100,5.08,ES,1731463881
265,kerikeri,-35.2268,173.9474,20.25,66,90,3.91,NZ,1731463883
266,fuzesabony,47.75,20.4167,-1.12,68,3,1.53,HU,1731463884
267,viana do castelo,41.6932,-8.8329,10.46,70,0,5.33,PT,1731463885
268,alta,69.9689,23.2717,6.59,83,40,5.66,NO,1731463886
269,tamandare,-8.7597,-35.1047,24.57,84,7,4.17,BR,1731463887
270,toropets,56.4978,31.6353,-0.11,84,48,1.64,RU,1731463745
271,bredasdorp,-34.5322,20.0403,16.23,82,100,2.84,ZA,1731463889
272,antsiranana,-12.2787,49.2917,23.9,81,24,6.15,MG,1731463890
273,kysucke nove mesto,49.3,18.7833,0.69,90,100,1.03,SK,1731463674
274,kirensk,57.7853,108.1119,-10.83,88,86,3.3,RU,1731463893
275,charters towers,-20.1,146.2667,36.11,27,97,4.5,AU,1731463894
276,newman,37.3138,-121.0208,13.87,74,24,1.64,US,1731463668
277,salalah,17.0151,54.0924,22.05,68,0,1.54,OM,1731463896
278,nuuk,64.1835,-51.7216,1.34,80,100,6.71,GL,1731463817
279,raduzhny,62.0961,77.475,-20.75,95,100,2.38,RU,1731463898
280,serov,59.6033,60.5787,-11.01,99,73,0.9,RU,1731463899
281,tolanaro,-25.0319,46.9987,22.53,97,84,2.02,MG,1731463900
282,sabang,5.8933,95.3214,27.95,75,100,1.42,ID,1731463902
283,mentekab,3.4854,102.3484,27.75,95,100,0.89,MY,1731463903
284,luchegorsk,46.4764,134.2569,-0.05,54,0,2.51,RU,1731463904
285,sianow,54.2265,16.2913,7.01,88,100,2.13,PL,1731463905
286,goondiwindi,-28.55,150.3167,32.16,35,80,5.55,AU,1731463906
287,tshabong,-26.05,22.45,21.76,16,0,1.77,BW,1731463909
288,lubang,13.8584,120.124,27.72,78,71,1.26,PH,1731463911
289,celestun,20.8667,-90.4,25.67,82,41,2.83,MX,1731463912
290,onega,63.9061,38.1404,0.07,89,99,4.01,RU,1731463913
291,steinkjer,64.193,11.3851,10.47,83,100,7.46,NO,1731463914
292,phek,25.6667,94.5,15.39,85,19,0.74,IN,1731463916
293,bashmakovo,53.2133,43.0342,-1.69,82,40,3.58,RU,1731463917
294,hasaki,35.7333,140.8333,18.29,58,0,9.95,JP,1731463918
295,acapulco de juarez,16.8634,-99.8901,28.9,84,40,1.54,MX,1731463672
296,juan griego,11.0817,-63.9655,25.89,85,24,3.73,VE,1731463921
297,kongsberg,59.6652,9.6465,4.98,81,9,1.34,NO,1731463922
298,sao joao da barra,-21.6403,-41.0511,23.94,92,23,2.46,BR,1731463665
299,nuku'alofa,-21.1333,-175.2,25.19,94,75,5.66,TO,1731463924
300,pauini,-7.7136,-66.9764,23.1,96,100,1.34,BR,1731463925
301,mitrofanovka,49.9708,39.6939,-1.81,84,30,1.73,RU,1731463926
302,san ignacio de velasco,-16.3667,-60.95,18.95,66,93,4.82,BO,1731463927
303,katabu,-4.9333,122.5167,32.14,52,10,2.07,ID,1731463929
304,new norfolk,-42.7826,147.0587,15.95,95,100,0.74,AU,1731463930
305,belokurikha,51.9959,84.9896,-11.09,88,90,1.58,RU,1731463931
306,sola,-13.8833,167.55,27.44,80,100,7.93,VU,1731463932
307,swakopmund,-22.6833,14.5333,13.88,87,38,1.34,NA,1731463882
308,luancheng,37.8792,114.6517,11.92,92,100,1.88,CN,1731463934
309,aasiaat,68.7098,-52.8699,-7.14,76,100,7.8,GL,1731463935
310,kingston,17.997,-76.7936,26.53,89,75,4.12,JM,1731463936
311,narayanpet,16.7333,77.5,22.76,65,90,3.88,IN,1731463938
312,timbuktu,16.7735,-3.0074,24.72,17,65,4.0,ML,1731463894
313,lerwick,60.1545,-1.1494,10.67,89,98,7.68,GB,1731463940
314,princeville,45.7668,-61.2985,8.63,99,100,8.23,CA,1731463941
315,paulinia,-22.7611,-47.1542,22.57,78,100,5.65,BR,1731463942
316,homer,59.6425,-151.5483,-0.07,62,40,0.0,US,1731463688
317,touros,-5.1989,-35.4608,25.69,80,6,4.9,BR,1731463944
318,nova sintra,14.8667,-24.7167,26.41,68,10,6.27,CV,1731463946
319,manglaur,29.8,77.8667,17.97,59,0,1.52,IN,1731463947
320,mbandaka,0.0487,18.2603,21.95,93,100,1.01,CD,1731463948
321,lucas,41.6501,-83.6666,4.98,75,0,1.54,US,1731463949
322,gamba,-2.65,10.0,25.25,90,100,3.67,GA,1731463950
323,tamanrasset,22.785,5.5228,15.24,26,100,1.83,DZ,1731463951
324,gisborne,-38.6533,178.0042,17.63,63,68,6.85,NZ,1731463803
325,murgab,37.4966,61.9714,7.93,87,100,5.14,TM,1731463953
326,burgersdorp,-30.9977,26.3286,13.26,77,2,3.72,ZA,1731463955
327,sao miguel do araguaia,-13.275,-50.1628,23.64,89,71,1.67,BR,1731463956
328,gejiu,23.306,103.1635,15.08,86,51,1.9,CN,1731463847
329,zheleznodorozhnyy,55.7503,38.0042,0.75,86,90,2.21,RU,1731463958
330,mount pearl,47.5166,-52.7813,13.18,98,100,6.17,CA,1731463959
331,six-fours-les-plages,43.0938,5.84,14.73,63,96,4.02,FR,1731463960
332,coyhaique,-45.5752,-72.0662,7.74,99,88,4.17,CL,1731463962
333,rawson,-43.3002,-65.1023,19.16,37,0,5.14,AR,1731463804
334,orange cove,36.6244,-119.3137,11.46,90,0,0.0,US,1731463964
335,kalifornsky,60.4183,-151.29,-4.83,93,40,0.0,US,1731463965
336,magadan,59.5667,150.8,-13.04,69,100,4.38,RU,1731463966
337,belmonte,-15.8631,-38.8828,25.16,88,10,4.98,BR,1731463967
338,sanming,26.2486,117.6186,23.49,72,100,1.41,CN,1731463969
339,le port,-20.9373,55.2919,22.98,74,21,1.45,RE,1731463956
340,port moresby,-9.4431,147.1797,27.3,80,100,3.32,PG,1731463971
341,tanout,14.9709,8.8879,22.87,21,0,4.6,NE,1731463972
342,oodweyne,9.4092,45.064,19.82,32,0,4.87,SO,1731463973
343,kanniyakumari,8.0833,77.5667,27.32,73,8,2.64,IN,1731463974
344,thunder bay,48.4001,-89.3168,4.04,72,0,4.47,CA,1731463934
345,mulchen,-37.7167,-72.2333,11.57,73,3,3.82,CL,1731463976
346,ankazoabo,-22.2833,44.5167,24.91,58,57,2.49,MG,1731463978
347,gizo,-8.103,156.8419,28.36,74,100,0.91,SB,1731463979
348,dolores,-36.3132,-57.6792,11.44,69,11,4.08,AR,1731463960
349,antofagasta,-23.65,-70.4,17.6,81,50,1.15,CL,1731463911
350,brazzaville,-4.2658,15.2832,22.91,92,72,0.95,CG,1731463982
351,cidreira,-30.1811,-50.2056,16.77,65,66,2.75,BR,1731463983
352,agadez,19.75,10.25,19.54,25,0,2.45,NE,1731463984
353,mezhdurechenskiy,59.6,65.9333,-13.89,93,45,2.52,RU,1731463985
354,kapuskasing,49.4169,-82.4331,-1.58,89,21,2.71,CA,1731463922
355,jaisalmer,26.9147,70.9181,23.38,33,0,0.74,IN,1731463988
356,balnearia,-31.0088,-62.6673,20.27,40,3,3.82,AR,1731463989
357,alto barinas,8.5931,-70.2261,23.19,94,99,2.08,VE,1731463990
358,borogontsy,62.6683,131.1683,-21.17,96,79,2.57,RU,1731463991
359,minas de marcona,-15.2119,-75.1103,14.59,75,28,2.53,PE,1731463992
360,ar ruways,24.1103,52.7306,24.66,73,0,2.28,AE,1731463993
361,san sebastian de la gomera,28.0916,-17.1133,21.2,64,20,2.57,ES,1731463994
362,quixeramobim,-5.1992,-39.2928,26.01,59,14,3.11,BR,1731463762
363,grand falls-windsor,48.9332,-55.6649,7.5,89,100,1.79,CA,1731463717
364,san luis de la loma,17.2706,-100.8939,26.25,84,98,1.32,MX,1731463998
365,qusar,41.4273,48.4289,3.08,99,99,2.12,AZ,1731463999
366,yeppoon,-23.1333,150.7333,27.86,63,100,7.69,AU,1731464000
367,freetown,8.484,-13.2299,25.53,84,97,1.93,SL,1731464001
368,punaauia,-17.6333,-149.6,28.8,61,100,3.09,PF,1731464003
369,sidrolandia,-20.9319,-54.9614,20.66,55,92,6.23,BR,1731464005
370,koulikoro,14.0,-7.75,23.26,26,100,1.52,ML,1731464006
371,mayahi,13.9553,7.6712,23.96,23,0,3.98,NE,1731464007
372,pirapora,-17.345,-44.9419,25.62,62,83,0.85,BR,1731463812
373,ed damer,17.5928,33.9592,24.77,64,1,5.0,SD,1731463925
374,malango,-2.9627,119.9001,27.69,59,76,1.74,ID,1731464010
375,polyarnyy,69.1989,33.4478,1.22,89,100,7.69,RU,1731464011
376,patong,7.8961,98.2966,30.57,86,100,2.13,TH,1731464012
377,cangucu,-31.395,-52.6756,10.57,76,68,0.25,BR,1731464015
378,uryupinsk,50.8047,42.0138,1.45,83,42,1.62,RU,1731464016
379,nabire,-3.3667,135.4833,27.42,76,78,0.89,ID,1731464017
380,kangding,30.0513,101.9603,13.51,43,0,1.16,CN,1731464018
381,pacific grove,36.6177,-121.9166,12.03,90,11,0.45,US,1731463910
382,oranjestad,12.524,-70.027,27.97,85,20,1.54,AW,1731464020
383,warud,21.4667,78.2667,19.91,54,2,1.79,IN,1731464022
384,labrador city,52.9463,-66.9114,-9.34,73,7,4.47,CA,1731464023
385,bandar-e genaveh,29.5791,50.517,24.78,60,92,6.23,IR,1731464024
386,sitka,57.0531,-135.33,5.94,87,100,0.0,US,1731464025
387,brownsville,25.9018,-97.4975,22.99,75,0,2.06,US,1731463858
388,letpandan,17.7833,95.75,25.5,83,14,2.51,MM,1731464028
389,fale old settlement,-9.3852,-171.2468,28.42,75,11,6.33,TK,1731464030
390,kismayo,-0.3582,42.5454,26.34,80,76,1.73,SO,1731464031
391,la sarre,48.8002,-79.1996,-3.84,90,28,1.35,CA,1731464032
392,hengchun,22.0042,120.7439,27.2,78,100,9.83,TW,1731464033
393,jining,35.405,116.5814,16.01,85,100,2.85,CN,1731464034
394,corner brook,48.9667,-57.9484,5.8,98,100,1.56,CA,1731463956
395,mirabad,30.4362,61.8383,16.79,33,23,0.89,AF,1731463873
396,ariquemes,-9.9133,-63.0408,22.84,98,100,1.7,BR,1731464039
397,tura,25.5198,90.2201,22.36,73,2,1.2,IN,1731464040
398,quellon,-43.1167,-73.6167,9.64,93,75,2.48,CL,1731464041
399,umm kaddadah,13.6017,26.6876,22.19,19,0,6.37,SD,1731464042
400,ust'-kut,56.7938,105.7672,-11.53,87,41,1.68,RU,1731464043
401,borujen,31.9652,51.2873,6.57,77,0,1.91,IR,1731464044
402,foumban,5.7291,10.9001,20.03,63,75,0.95,CM,1731464045
403,leava,-14.3,-178.1667,27.92,77,100,6.71,WF,1731464047
404,coquimbo,-29.9533,-71.3436,14.85,94,100,3.6,CL,1731464048
405,metahara,8.9,39.9167,19.84,53,2,0.8,ET,1731464049
406,ulsteinvik,62.3432,5.8487,13.2,83,100,5.36,NO,1731464050
407,karatas,36.582,35.3701,18.28,74,16,3.76,TR,1731464051
408,portland,45.5234,-122.6762,10.6,93,100,3.58,US,1731463901
409,inarajan village,13.2736,144.7484,29.54,83,100,17.18,GU,1731464053
410,beira,-19.8436,34.8389,26.05,89,40,1.41,MZ,1731464054
411,villa ocampo,-28.4875,-59.3551,16.27,39,0,2.29,AR,1731464056
412,maputo,-25.9653,32.5892,20.14,94,12,2.79,MZ,1731464057
413,banda aceh,5.5577,95.3222,28.04,70,100,1.71,ID,1731464058
414,baturaja,-4.1333,104.1667,27.85,83,96,1.19,ID,1731464059
415,neiafu,-18.65,-173.9833,27.38,78,75,5.66,TO,1731464060
416,tabou,4.423,-7.3528,25.21,87,93,0.81,CI,1731464061
417,konstantinovsk,47.5828,41.0922,0.19,78,15,3.14,RU,1731464062
418,sinjai,-5.1241,120.253,30.66,60,69,3.79,ID,1731464063
419,sadjoavato,-12.6334,49.349,21.59,89,45,2.56,MG,1731464065
420,backa palanka,45.2508,19.3919,5.87,60,100,1.64,RS,1731464066
421,kimbe,-5.5502,150.1429,30.64,70,46,2.27,PG,1731464067
422,dongola,19.1667,30.4833,20.09,25,6,5.2,SD,1731464068
423,garbahaarrey,3.3289,42.2209,26.18,74,100,4.05,SO,1731464069
424,laojunmiao,39.8333,97.7333,4.74,49,1,2.6,CN,1731464070
425,kalmunai,7.4167,81.8167,27.31,79,3,3.13,LK,1731464071
426,wuyishan,28.0047,117.8114,24.72,68,5,1.17,CN,1731464074
427,oroqen zizhiqi,50.5667,123.7167,-4.29,59,99,1.14,CN,1731464075
428,morehead city,34.7229,-76.726,14.46,72,0,5.36,US,1731464076
429,marka,1.7159,44.7717,25.91,84,14,3.04,SO,1731464077
430,williams lake,52.1415,-122.1445,4.76,84,75,2.57,CA,1731464078
431,sinop,41.7711,34.8709,9.0,83,100,2.21,TR,1731464079
432,igarka,67.4667,86.5833,-22.39,98,98,1.93,RU,1731464080
433,keila,59.3036,24.4131,4.01,100,100,2.57,EE,1731464082
434,forster,-32.1667,152.5167,22.99,81,88,4.0,AU,1731464083
435,vero beach,27.6386,-80.3973,25.59,89,100,3.6,US,1731463919
436,jiexiu,37.0244,111.9125,12.22,90,100,0.78,CN,1731463816
437,lamu,-2.2717,40.902,26.1,85,71,2.97,KE,1731464086
438,geraldton,-28.7667,114.6,29.23,34,100,5.66,AU,1731464087
439,ketchikan,55.3422,-131.6461,7.26,87,100,2.06,US,1731464088
440,at turrah,32.6414,35.9919,14.54,86,0,0.29,JO,1731464089
441,broome,42.2506,-75.833,0.92,81,20,3.09,US,1731464090
442,sao gabriel da cachoeira,-0.1303,-67.0892,26.23,75,54,0.75,BR,1731464092
443,sibolga,1.7427,98.7792,27.28,78,100,0.46,ID,1731464094
444,olyokminsk,60.3736,120.4264,-13.52,86,62,0.77,RU,1731464095
445,kyshtovka,56.555,76.6271,-11.33,94,100,3.52,RU,1731464096
446,lefkada,38.8275,20.7019,14.95,88,75,5.66,GR,1731464097
447,ofunato,39.0717,141.7167,11.41,52,49,1.51,JP,1731464098
448,richfield,44.8833,-93.283,5.75,78,20,8.23,US,1731464100
449,palikir - national government center,6.9248,158.1611,28.63,73,100,5.61,FM,1731464101
450,hobyo,5.3505,48.5268,26.41,81,29,6.5,SO,1731464102
451,los llanos de aridane,28.6585,-17.9182,17.86,84,0,4.12,ES,1731464103
452,lieksa,63.3167,30.0167,1.56,89,98,5.39,FI,1731464104
453,sambava,-14.2667,50.1667,23.18,85,44,3.88,MG,1731463956
454,mount pleasant,32.7941,-79.8626,17.21,88,0,2.57,US,1731464079
455,khromtau,50.2503,58.4347,-5.97,91,88,8.51,KZ,1731464108
456,tocopilla,-22.092,-70.1979,17.74,74,21,0.83,CL,1731464109
457,baringo,0.4667,35.9667,20.18,65,52,2.37,KE,1731464110
458,makungu,-8.7333,35.2833,16.36,88,0,0.56,TZ,1731464111
459,itaituba,-4.2761,-55.9836,27.95,65,100,1.04,BR,1731464112
460,skvyra,49.7318,29.6657,-1.71,90,11,2.53,UA,1731464113
461,zuera,41.8677,-0.7898,8.38,84,97,2.05,ES,1731464114
462,arraial do cabo,-22.9661,-42.0278,21.92,100,40,8.23,BR,1731464007
463,jatoba,-9.1831,-38.2689,24.69,71,1,4.84,BR,1731464116
464,playa del ingles,27.7567,-15.5787,19.86,78,0,3.16,ES,1731464118
465,novogornyy,55.63,60.7919,-3.6,88,99,3.91,RU,1731464119
466,kuta,-8.7233,115.1723,30.97,79,20,4.63,ID,1731464120
467,okhotsk,59.3833,143.3,-14.14,66,12,8.03,RU,1731464121
468,an nuhud,12.7,28.4333,22.62,23,0,6.42,SD,1731464122
469,kushnarenkovo,55.105,55.3508,-1.86,97,100,4.43,RU,1731464123
470,ciudad lazaro cardenas,17.9583,-102.2,26.25,79,99,1.79,MX,1731463892
471,tindouf,27.6711,-8.1474,16.25,63,20,3.09,DZ,1731464126
472,vetluga,57.8557,45.781,-1.63,91,89,2.26,RU,1731464127
473,ishigaki,24.3448,124.1572,26.77,83,91,6.99,JP,1731464128
474,karpinsk,59.7654,60.0085,-11.14,99,87,0.52,RU,1731464129
475,barah,13.7,30.3667,23.78,32,0,6.05,SD,1731464130
476,sao joao dos patos,-6.495,-43.7022,22.87,82,91,1.25,BR,1731464131
477,arawa,-6.2132,155.5367,29.55,76,53,1.19,PG,1731464132
478,sanford,28.8006,-81.2731,23.52,79,0,4.12,US,1731463973
479,pyin oo lwin,22.0333,96.4667,19.43,88,47,0.78,MM,1731464135
480,dickinson,29.4608,-95.0513,21.1,79,0,0.0,US,1731464136
481,tanabe,33.7333,135.3667,21.56,52,20,3.6,JP,1731464137
482,impfondo,1.6381,18.0667,21.89,90,94,1.14,CG,1731464138
483,prince rupert,54.3161,-130.3201,7.83,85,100,5.14,CA,1731464139
484,punta del este,-34.9667,-54.95,14.37,71,0,3.09,UY,1731464140
485,carutapera,-1.195,-46.02,25.22,82,100,2.55,BR,1731464141
486,khorinsk,52.1657,109.7726,-5.49,74,69,3.37,RU,1731464142
487,bandarbeyla,9.4942,50.8122,25.25,75,2,7.59,SO,1731464143
488,fisterra,42.9049,-9.2629,13.63,71,3,11.98,ES,1731464145
489,sattahip,12.6664,100.9007,30.05,66,20,3.6,TH,1731464146
490,shevchenko,48.5,35.0,0.76,77,93,2.68,UA,1731464147
491,sao felix do xingu,-6.6447,-51.995,22.4,96,22,0.69,BR,1731464148
492,sisimiut,66.9395,-53.6735,-4.03,72,100,9.12,GL,1731464149
493,chamzinka,54.4019,45.7839,-1.85,83,100,4.95,RU,1731464150
494,lubango,-14.9172,13.4925,16.62,85,100,1.07,AO,1731464151
495,erie,42.7667,-78.6664,1.25,82,2,1.26,US,1731464154
496,burang,30.25,81.1667,-2.0,50,0,2.1,CN,1731464155
497,mahina,-17.5065,-149.489,28.87,61,100,3.09,PF,1731464156
498,pauls valley,34.7401,-97.2223,15.79,67,0,1.54,US,1731464157
499,emerald,-23.5333,148.1667,33.52,42,91,3.32,AU,1731464158
500,broadstairs,51.3591,1.4394,10.88,70,100,0.45,GB,1731464159
501,winnemucca,40.973,-117.7357,0.03,74,0,3.09,US,1731464161
502,hecun,36.5333,114.1111,12.55,92,100,0.63,CN,1731464162
503,giyani,-23.3025,30.7187,19.05,93,100,1.37,ZA,1731464163
504,porto novo,6.4965,2.6036,25.68,85,60,1.13,BJ,1731464164
505,dedenevo,56.25,37.5167,0.58,84,100,2.3,RU,1731464165
506,krasnokamensk,50.0979,118.0369,-0.85,48,11,1.69,RU,1731464166
507,goz beida,13.95,20.55,23.11,20,0,3.11,TD,1731464167
508,yishui,35.7847,118.6281,14.62,92,100,0.55,CN,1731464168
509,dudinka,69.4058,86.1778,-24.93,97,100,3.36,RU,1731464170
510,xilin hot,43.9667,116.0333,5.33,56,51,6.17,CN,1731464171
511,maintirano,-18.0667,44.0167,26.0,78,100,2.33,MG,1731464172
512,port-vila,-17.7338,168.3219,30.78,58,75,6.17,VU,1731464173
513,puerto aysen,-45.4,-72.7,9.79,100,100,2.52,CL,1731464072
514,tomohon,1.3346,124.8392,27.52,63,99,0.6,ID,1731464175
515,kodinsk,58.6881,99.1844,-10.65,86,100,4.47,RU,1731464176
516,krasnoarmeysk,51.0239,45.6969,-2.35,92,32,3.31,RU,1731464177
517,glencoe,-28.1783,30.147,11.96,84,4,1.17,ZA,1731464179
518,mayma,52.0197,85.9114,-9.42,89,100,0.66,RU,1731464180
519,freeport,40.6576,-73.5832,7.23,49,0,6.69,US,1731464182
520,vic-en-bigorre,43.3833,0.05,3.26,95,27,1.58,FR,1731464183
521,paidha,2.4167,30.9855,16.25,82,59,1.98,UG,1731464184
522,aldinga beach,-35.2793,138.4604,20.04,62,12,6.21,AU,1731464185
523,sungai penuh,-2.0833,101.3833,20.77,90,100,1.27,ID,1731464186
524,kitimat,54.0524,-128.6534,5.51,29,100,1.34,CA,1731464189
525,yorkton,51.2167,-102.4677,3.91,93,100,3.09,CA,1731464190
526,surgut,61.25,73.4167,-25.9,84,0,1.0,RU,1731464191
527,paimio,60.4567,22.6869,4.63,94,45,0.45,FI,1731464192
528,argo,37.6333,22.7333,14.12,90,100,1.02,GR,1731464193
529,tidjikja,18.5564,-11.4271,22.58,17,1,3.3,MR,1731464194
530,laayoune,27.1622,-13.2032,16.19,100,0,1.54,EH,1731464034
531,chu,43.5983,73.7614,4.54,92,100,2.54,KZ,1731464196
532,yei,4.095,30.6779,19.14,95,100,0.7,SS,1731464198
533,boende,-0.2167,20.8667,21.52,94,48,0.67,CD,1731464199
534,tbeng meanchey,13.8167,104.9667,27.28,77,94,0.39,KH,1731464200
535,antalaha,-14.9003,50.2788,24.96,70,89,3.33,MG,1731464201
536,divrigi,39.371,38.1137,5.07,78,5,0.31,TR,1731464202
537,dabeiba,7.0017,-76.2672,20.81,98,100,0.85,CO,1731464203
538,midvagur,62.0511,-7.1939,9.46,76,100,13.38,FO,1731464204
539,shakawe,-18.3667,21.85,22.17,69,66,1.57,BW,1731464205
540,napili-honokowai,20.9708,-156.6705,27.64,85,58,9.55,US,1731464206
541,lyepyel',54.8814,28.6932,-0.41,91,44,1.72,BY,1731464208
542,manokwari,-0.8667,134.0833,28.79,70,40,2.64,ID,1731464209
543,flin flon,54.7682,-101.865,3.06,77,100,3.5,CA,1731464210
544,robertsport,6.7533,-11.3686,26.44,81,82,4.02,LR,1731464211
545,heber springs,35.4915,-92.0313,10.63,72,33,2.38,US,1731464212
546,cannonvale,-20.2833,148.7,27.66,61,38,4.29,AU,1731464213
547,hatillo,18.4863,-66.8254,25.06,87,25,3.25,PR,1731464214
548,mugia,43.1041,-9.2179,11.62,74,4,12.42,ES,1731464216
549,las khorey,11.1595,48.1967,25.34,71,43,2.4,SO,1731464217
550,tonj,7.2737,28.6822,23.04,80,58,0.81,SS,1731464218
551,rabaul,-4.1967,152.1721,28.8,71,81,1.91,PG,1731464219
552,buka,40.8108,69.1986,8.28,88,100,0.31,UZ,1731464220
553,fauske,67.2588,15.3918,8.86,92,100,4.29,NO,1731464221
554,tughyl,47.7252,84.2063,-3.38,69,100,0.15,KZ,1731464222
555,soio,-6.1349,12.3689,25.72,90,82,4.86,AO,1731464224
556,boromo,11.75,-2.9333,24.42,32,59,1.86,BF,1731464225
557,kone,-21.0595,164.8658,31.96,44,57,1.83,NC,1731464226
558,mwene-ditu,-7.0,23.45,17.94,95,94,1.98,CD,1731464227
559,paghman,34.5875,68.9533,1.92,37,29,0.86,AF,1731464228
560,reggane,26.7158,0.1714,20.96,36,86,2.81,DZ,1731464229
561,zhalantun,48.0,122.7167,-0.77,50,4,2.04,CN,1731464230
562,larache,35.1932,-6.1557,16.8,75,6,3.41,MA,1731464232
563,greenville,35.6127,-77.3663,11.75,69,0,0.89,US,1731464233
564,pangody,65.85,74.4859,-16.57,97,99,3.19,RU,1731464234
565,wenatchee,47.4235,-120.3103,9.66,71,100,1.55,US,1731464228
566,karasburg,-28.0167,18.75,16.13,35,0,2.35,NA,1731464236
567,viedma,-40.8135,-62.9967,14.03,44,63,2.48,AR,1731464030
568,shenjiamen,29.9576,122.298,20.29,72,100,3.28,CN,1731463949
569,kingscliff,-28.2667,153.5667,25.89,83,100,5.66,AU,1731464239
